old_path	new_path	sha256
examples/workflows/04-long-video/2026-09-11_H3_In_Node_Long_Video_Prompt_Relay_EAV_Dialogue_Segment_Aligned_Stock20_Advanced_EXP.json	examples/workflows/04-long-video/H3_Dialogue_Relay_EAV_Stock20_EXP.json	f71dfddd61c5e07aeaaf108e8deac30ef9f18ce4f02417dd2fed7b0b1a247b1e
examples/workflows/04-long-video/2026-09-11_H3_In_Node_Long_Video_Prompt_Relay_EAV_Dialogue_Segment_Aligned_Stock20_Manual_Second_Pass_Advanced_EXP.json	examples/workflows/04-long-video/H3_Dialogue_Relay_EAV_Stock20_Pass2_EXP.json	f335a8e25c254cf755a9b6bf57ec03ce91169af9f9cc252919db6415b1fecca2
examples/workflows/59-audio-refine-split/effects/S26_2026-08-26_H3_Audio_Refine_Phase2_Base_Refine4_Advanced_EXP_resume_audio_Separate_EXP_combined_TailEffects.json	examples/workflows/59-audio-refine-split/effects/S26_Phase2_Base_resume_audio_Separate_EXP_combined_TailEffects.json	f6e3660d91f657eadefa4e345ebcb7510ca7e8ec672dcdbeb75768b48d4d9b4d
examples/workflows/59-audio-refine-split/effects/S26_2026-08-26_H3_Audio_Refine_Phase2_Base_Refine4_Advanced_EXP_resume_audio_Separate_EXP_eav_TailEffects.json	examples/workflows/59-audio-refine-split/effects/S26_Phase2_Base_resume_audio_Separate_EXP_eav_TailEffects.json	05c8434ec6da892599adbc7947419b2bf7e1c63c89c45aa4b9cbafdcdb4f3c6a
examples/workflows/59-audio-refine-split/effects/S26_2026-08-26_H3_Audio_Refine_Phase2_Base_Refine4_Advanced_EXP_resume_audio_Separate_EXP_relay_TailEffects.json	examples/workflows/59-audio-refine-split/effects/S26_Phase2_Base_resume_audio_Separate_EXP_relay_TailEffects.json	323b88aba55fbd8d5d96c010f27c486a6c4ccf454a5a1862b46b18e77fbd3bb4
examples/workflows/59-audio-refine-split/effects/S26_2026-08-26_H3_Audio_Refine_Phase2_Same_Turbo4_Advanced_EXP_resume_audio_Separate_EXP_combined_TailEffects.json	examples/workflows/59-audio-refine-split/effects/S26_Phase2_Same_resume_audio_Separate_EXP_combined_TailEffects.json	7d84a98b8105f30219d825767e65fd1dd89ce8ad1ae2c3315073a1b854eb5bc8
examples/workflows/59-audio-refine-split/effects/S26_2026-08-26_H3_Audio_Refine_Phase2_Same_Turbo4_Advanced_EXP_resume_audio_Separate_EXP_eav_TailEffects.json	examples/workflows/59-audio-refine-split/effects/S26_Phase2_Same_resume_audio_Separate_EXP_eav_TailEffects.json	9d96963c6573658f5bd0e415fe5f8711002befdfd6e6dc7669bd6058f7cfaab1
examples/workflows/59-audio-refine-split/effects/S26_2026-08-26_H3_Audio_Refine_Phase2_Same_Turbo4_Advanced_EXP_resume_audio_Separate_EXP_relay_TailEffects.json	examples/workflows/59-audio-refine-split/effects/S26_Phase2_Same_resume_audio_Separate_EXP_relay_TailEffects.json	6dadaffffea426ab4ffc9a40b09bcf62828a59ad09538bac14db4608cc6c6664
examples/workflows/59-audio-refine-split/effects/S26_2026-08-26_H3_Audio_Refine_Turbo4_Plus_Refine4_Advanced_EXP_resume_audio_Separate_EXP_combined_TailEffects.json	examples/workflows/59-audio-refine-split/effects/S26_Turbo4_resume_audio_Separate_EXP_combined_TailEffects.json	42b772a0ee0bffed5dfe0d0f62025728bba4b111b043d9229329840729f3f98a
examples/workflows/59-audio-refine-split/effects/S26_2026-08-26_H3_Audio_Refine_Turbo4_Plus_Refine4_Advanced_EXP_resume_audio_Separate_EXP_eav_TailEffects.json	examples/workflows/59-audio-refine-split/effects/S26_Turbo4_resume_audio_Separate_EXP_eav_TailEffects.json	4c0e5af74a1b947482ce07d25dfd20fe2c4ecbe4b8b418488089720d8d879ef2
examples/workflows/59-audio-refine-split/effects/S26_2026-08-26_H3_Audio_Refine_Turbo4_Plus_Refine4_Advanced_EXP_resume_audio_Separate_EXP_relay_TailEffects.json	examples/workflows/59-audio-refine-split/effects/S26_Turbo4_resume_audio_Separate_EXP_relay_TailEffects.json	9700cf2dde0b061c41f0215e8bebe75fd43db3960fe043b06e47b5a0e58d7870
examples/workflows/59-audio-refine-split/effects/S26_2026-08-29_H3_Audio_Refine_EAV_Turbo8_Advanced_EXP_resume_audio_Separate_EXP_combined_TailEffects.json	examples/workflows/59-audio-refine-split/effects/S26_EAV_Turbo8_resume_audio_Separate_EXP_combined_TailEffects.json	5ad8ed1bea6aeb044a263499bf94080d23fbfb66f65bc6e1fe9ab649ef6e3201
examples/workflows/59-audio-refine-split/effects/S26_2026-08-29_H3_Audio_Refine_EAV_Turbo8_Advanced_EXP_resume_audio_Separate_EXP_eav_TailEffects.json	examples/workflows/59-audio-refine-split/effects/S26_EAV_Turbo8_resume_audio_Separate_EXP_eav_TailEffects.json	bbcac257713dd0ee7f1ef18ecb55ad38ae355f67958ed7e928a4effd7fd0904f
examples/workflows/59-audio-refine-split/effects/S26_2026-08-29_H3_Audio_Refine_EAV_Turbo8_Advanced_EXP_resume_audio_Separate_EXP_relay_TailEffects.json	examples/workflows/59-audio-refine-split/effects/S26_EAV_Turbo8_resume_audio_Separate_EXP_relay_TailEffects.json	96fbe40650e8b51c271cb32ed732e51140a3c75653a4056fa4209affe3939926
examples/workflows/59-audio-refine-split/effects/S26_2026-08-29_H3_Audio_Refine_Learned_TwoPass_Final8_Advanced_EXP_resume_audio_Separate_EXP_combined_TailEffects.json	examples/workflows/59-audio-refine-split/effects/S26_Learned_Final8_resume_audio_Separate_EXP_combined_TailEffects.json	d34b5cea3cddcf5ca94d030529c309e8e0a9de47f5e2ea543cc51045c860863a
examples/workflows/59-audio-refine-split/effects/S26_2026-08-29_H3_Audio_Refine_Learned_TwoPass_Final8_Advanced_EXP_resume_audio_Separate_EXP_eav_TailEffects.json	examples/workflows/59-audio-refine-split/effects/S26_Learned_Final8_resume_audio_Separate_EXP_eav_TailEffects.json	37642adf537b563b2c2dde4e2345c4b27f2a457e52127b98a405c6ea5bf23853
examples/workflows/59-audio-refine-split/effects/S26_2026-08-29_H3_Audio_Refine_Learned_TwoPass_Final8_Advanced_EXP_resume_audio_Separate_EXP_relay_TailEffects.json	examples/workflows/59-audio-refine-split/effects/S26_Learned_Final8_resume_audio_Separate_EXP_relay_TailEffects.json	86dad1a5fb2e65e9eb873395af315bac79ae31e1d6e5edd1a36bfcb22ec29058
examples/workflows/59-audio-refine-split/effects/S26_2026-08-29_H3_Audio_Refine_Long_Video_Prompt_Relay_Turbo8_Advanced_EXP_resume_audio_Separate_EXP_eav_TailEffects.json	examples/workflows/59-audio-refine-split/effects/S26_LongRelay_Turbo8_resume_audio_Separate_EXP_eav_TailEffects.json	06a5b69efa5330c90dd7c17233a2cc53e726297a717072ca9cfb97a17e9aa443
examples/workflows/59-audio-refine-split/effects/S26_2026-08-29_H3_Audio_Refine_PDD_Ref2VA_4Plus4_Advanced_EXP_resume_audio_Separate_EXP_combined_TailEffects.json	examples/workflows/59-audio-refine-split/effects/S26_PDD_4plus4_resume_audio_Separate_EXP_combined_TailEffects.json	baaa1a553a3694342c483ab1add354a2537de8aec5edccf44b6aa5ecfe619f33
examples/workflows/59-audio-refine-split/effects/S26_2026-08-29_H3_Audio_Refine_PDD_Ref2VA_4Plus4_Advanced_EXP_resume_audio_Separate_EXP_eav_TailEffects.json	examples/workflows/59-audio-refine-split/effects/S26_PDD_4plus4_resume_audio_Separate_EXP_eav_TailEffects.json	3e6067fc013e1cce16031ed199f7af753df3e4379801e208645235950583ab3d
examples/workflows/59-audio-refine-split/effects/S26_2026-08-29_H3_Audio_Refine_PDD_Ref2VA_4Plus4_Advanced_EXP_resume_audio_Separate_EXP_relay_TailEffects.json	examples/workflows/59-audio-refine-split/effects/S26_PDD_4plus4_resume_audio_Separate_EXP_relay_TailEffects.json	0923b74aeec33baccddaddb81f474147061628613a778fcb83422ea028ba9a4f
examples/workflows/59-audio-refine-split/effects/S26_2026-08-29_H3_Audio_Refine_PDD_Ref2VA8_Advanced_EXP_resume_audio_Separate_EXP_combined_TailEffects.json	examples/workflows/59-audio-refine-split/effects/S26_PDD8_resume_audio_Separate_EXP_combined_TailEffects.json	2018338873a1d5f4b6b2ea2bc5beb889f9007ea538bd929702016901ecf6badc
examples/workflows/59-audio-refine-split/effects/S26_2026-08-29_H3_Audio_Refine_PDD_Ref2VA8_Advanced_EXP_resume_audio_Separate_EXP_eav_TailEffects.json	examples/workflows/59-audio-refine-split/effects/S26_PDD8_resume_audio_Separate_EXP_eav_TailEffects.json	ffa1fbf3236ff324b386132902c42f8ddb3c69178502d03d1d5c51de6a57effd
examples/workflows/59-audio-refine-split/effects/S26_2026-08-29_H3_Audio_Refine_PDD_Ref2VA8_Advanced_EXP_resume_audio_Separate_EXP_relay_TailEffects.json	examples/workflows/59-audio-refine-split/effects/S26_PDD8_resume_audio_Separate_EXP_relay_TailEffects.json	d5e5a98f03406f4518f2b79735655ea3bcf666cbd6448a960bcb0267979333bd
examples/workflows/59-audio-refine-split/effects/S26_2026-08-29_H3_Audio_Refine_Prompt_Relay_Turbo8_Advanced_EXP_resume_audio_Separate_EXP_eav_TailEffects.json	examples/workflows/59-audio-refine-split/effects/S26_Relay_Turbo8_resume_audio_Separate_EXP_eav_TailEffects.json	49e059e6e327a3df4e51b257662ed0790b2056ca42d546985da8a5f47fc1dbcb
examples/workflows/59-audio-refine-split/effects/S26_2026-08-29_H3_Audio_Refine_Turbo8_Plus_Refine4_Advanced_EXP_resume_audio_Separate_EXP_combined_TailEffects.json	examples/workflows/59-audio-refine-split/effects/S26_Turbo8_resume_audio_Separate_EXP_combined_TailEffects.json	c88f9700fb63e14250e1e6f846284af15719db2e70dab0ddf3aeb7c4ef6900b2
examples/workflows/59-audio-refine-split/effects/S26_2026-08-29_H3_Audio_Refine_Turbo8_Plus_Refine4_Advanced_EXP_resume_audio_Separate_EXP_eav_TailEffects.json	examples/workflows/59-audio-refine-split/effects/S26_Turbo8_resume_audio_Separate_EXP_eav_TailEffects.json	4fc4d18c58c557324544dfe799d06c2bd71904ea0f458edd39731b65b73c6009
examples/workflows/59-audio-refine-split/effects/S26_2026-08-29_H3_Audio_Refine_Turbo8_Plus_Refine4_Advanced_EXP_resume_audio_Separate_EXP_relay_TailEffects.json	examples/workflows/59-audio-refine-split/effects/S26_Turbo8_resume_audio_Separate_EXP_relay_TailEffects.json	3d7d58c8f029be0f2d775d299392a0da31d65e7e483552bec8ff0812888527ea
examples/workflows/59-audio-refine-split/S26_2026-08-29_H3_Audio_Refine_Learned_TwoPass_Final8_Advanced_EXP_freeze_video_Separate_EXP.json	examples/workflows/59-audio-refine-split/S26_Learned_Final8_freeze_video_Separate_EXP.json	e0ca1501a334d00ead36e32f2d11f90044e09a6c7f18759a50ab8df5d093d2c0
examples/workflows/59-audio-refine-split/S26_2026-08-29_H3_Audio_Refine_Learned_TwoPass_Final8_Advanced_EXP_resume_audio_Separate_EXP.json	examples/workflows/59-audio-refine-split/S26_Learned_Final8_resume_audio_Separate_EXP.json	e407b7e1d16dedba49e7d954fdabcf6e90a55d70acc7f690cf132369d7cfd568
examples/workflows/59-audio-refine-split/S26_2026-08-29_H3_Audio_Refine_Long_Video_Prompt_Relay_Turbo8_Advanced_EXP_freeze_video_Separate_EXP.json	examples/workflows/59-audio-refine-split/S26_LongRelay_Turbo8_freeze_video_Separate_EXP.json	4a99fc23361e169d772d49a830bfd851044c4e337d0931ec6dc27fee6565620b
examples/workflows/59-audio-refine-split/S26_2026-08-29_H3_Audio_Refine_Long_Video_Prompt_Relay_Turbo8_Advanced_EXP_resume_audio_Separate_EXP.json	examples/workflows/59-audio-refine-split/S26_LongRelay_Turbo8_resume_audio_Separate_EXP.json	00841c9cb3a88a15d743f6e82145f715f92a43f258900fdb620a18121c1f5c61
examples/workflows/60-ltx-rgb-stage-split/native-load-policy-exp/S27_2026-08-29_H3_Sol_Engine_Super_Acceleration_LTX25_Advanced_EXP_StageBound_Separate_EXP_full_save_external_eav_relay_native_consistent_streaming.json	examples/workflows/60-ltx-rgb-stage-split/native-load-policy-exp/S27_LTX25_Ordinary_full_save_eav_relay_native_EXP.json	b9d90f03601b1f594bf3349aa032dcbbb460e3098bb4385067de13a24e29ae28
examples/workflows/60-ltx-rgb-stage-split/native-load-policy-exp/S27_2026-08-29_H3_Sol_Engine_Super_Acceleration_LTX25_Advanced_EXP_StageBound_Separate_EXP_resume_ltx_external_eav_relay_native_consistent_streaming.json	examples/workflows/60-ltx-rgb-stage-split/native-load-policy-exp/S27_LTX25_Ordinary_resume_ltx_eav_relay_native_EXP.json	6340434b5c5d8d70ff79e0e57d2167767a0e36ca7af5f8230c88bf8ce297af05
examples/workflows/60-ltx-rgb-stage-split/native-load-policy-exp/S27_2026-08-30_H3_Sol_Engine_LTX25_Identity_Preserve_3Step_Advanced_EXP_StageBound_Separate_EXP_full_save_external_eav_relay_native_consistent_streaming.json	examples/workflows/60-ltx-rgb-stage-split/native-load-policy-exp/S27_LTX25_Identity_Preserve_full_save_eav_relay_native_EXP.json	b18a1d63fa8c919d30521c18b8990f2cebe8dd2a215a58667b243b996797ef61
examples/workflows/60-ltx-rgb-stage-split/native-load-policy-exp/S27_2026-08-30_H3_Sol_Engine_LTX25_Identity_Preserve_3Step_Advanced_EXP_StageBound_Separate_EXP_resume_ltx_external_eav_relay_native_consistent_streaming.json	examples/workflows/60-ltx-rgb-stage-split/native-load-policy-exp/S27_LTX25_Identity_Preserve_resume_ltx_eav_relay_native_EXP.json	96eac8371b0f846bde7b5d800477f34d297afb4e8d330267609116511d2b9694
examples/workflows/60-ltx-rgb-stage-split/S27_2026-08-30_H3_Sol_Engine_LTX25_Identity_Preserve_3Step_Advanced_EXP_StageBound_Separate_EXP.json	examples/workflows/60-ltx-rgb-stage-split/S27_LTX25_Identity_Preserve_StageBound_Separate_EXP.json	37b53ec7ce8c449acb91d60d00bc137db1bdfac58c01402679e69d2bfad21c95
